Time (t),[Measured] Current Position (m)_X,[Measured] Current Position (m)_Y,[Measured] Steering Angles (deg)_FL,[Measured] Steering Angles (deg)_FR,[Measured] Current Yaw Angle ~ Phi(t) (deg),[Measured] Steering Wheel Angle ~ Theta(t) (deg),[Computed] Turning Radius ~ R(delta) (m),[Computed] Vehicle Steering Angle ~ Delta(t) (deg),[Computed] Center of Rotation to WORLD (m)_X,[Computed] Center of Rotation to WORLD (m)_Y,[Computed] Current Error to Trajectory ~ e(t),[Computed] Predicted Position (m)_X,[Computed] Predicted Position (m)_Y,[Computed] Change of Yaw Angle ~ Delta_phi(t) (deg),[Computed] Predicted Yaw Angle ~ Phi_tp(t) (deg),[Computed] Predicted Error to Trajectory ~ eps_tp(t),[Computed] Desired Steering Wheel Angle ~ Theta_d(t) (deg),[Computed] Torque applied ~ Tau_das (N.m)
1741540754.5633368,-13.22415039,-1.47066772,10,10,180,4.536751165357343,17.09374533475223,4.536751165357343,1.3520901465000013,17.04018725851044,0.0,-0.49778395269246634,0.04683281077115353,1.6759281945249833,178.324071805475,-12.816521000549189,-362.62952952077046,-0.0
1741540754.5683384,-0.49778395269246634,0.04683281077115353,-47.95,-69.99,178.324071805475,-51.01806904458427,1.739370821172927,-51.01806904458427,1.3195106164967503,-1.1332707472180463,12.816521000549189,-0.26715878289467665,-0.42060597989568793,-16.470260054852908,194.79433186032793,-12.999471572515118,-423.4254975472881,-41.65200010129555
1741540755.232505,-29.02415039,-0.37066772,-10,-10,170,-4.536751165357343,17.09374533475223,-4.536751165357343,-1.627448605498969,-17.01609651494206,0.0,0.49696159918752336,-0.05487572009396047,1.6759281945249833,168.32407180547503,-23.093782497860932,-666.124886225617,-0.0
1741540755.236502,0.49696159918752336,-0.05487572009396047,-47.95,-69.99,168.32407180547503,-51.01806904458427,1.739370821172927,-51.01806904458427,1.1026738852502647,-1.3451844320890978,23.093782497860932,0.4266294788076024,0.25743056037333734,16.470260054852908,151.85381175062213,-23.11540180157844,-713.2255515343564,-133.4555153890788
